<?xml version="1.0" encoding="UTF-8" standalone="yes"?>
<addon id="repository.cberttv" name="CBERTTV REPO" version="0.0.1" provider-name="CanBert">
	<extension point="xbmc.addon.repository" name="CBERTTV REPO">
		<dir>
			<info compressed="false">https://raw.githubusercontent.com/noobsandnerds/modules4all/master/zips/addons.xml</info>
			<checksum>https://raw.githubusercontent.com/noobsandnerds/modules4all/master/zips/addons.xml.md5</checksum>
			<datadir zip="true">https://raw.githubusercontent.com/noobsandnerds/modules4all/master/zips/</datadir>
		</dir>
		<info compressed="false">https://raw.githubusercontent.com/CBERTTV/repository.cberttv/master/zips/addons.xml</info>
		<checksum>https://raw.githubusercontent.com/CBERTTV/repository.cberttv/master/zips/addons.xml.md5</checksum>
		<datadir zip="true">https://raw.githubusercontent.com/CBERTTV/repository.cberttv/master/zips/</datadir>
	</extension>
	<extension point="xbmc.addon.metadata">
		<summary lang="en">Repository for CBERTTV testing and development.</summary>
		<description lang="en">Repository for CBERTTV testing and development.</description>
		<genre>livetv,movies,sports,subscription,tvshows,canadian,usa</genre>
	</extension>
</addon>